no,y,x1,x2,x3,x4,x5
1,1.009,1,36000,0.286,0.024,1
2,1.003,1.001,75075,0.74,0.033,1
3,1.099,1.471,150000,0.281,0.103,1
4,1.043,1.102,10660,0.04,0.057,1
5,1.036,1.012,616500,0.355,0.004,1
6,1.021,1.212,873725,0.311,0.111,1
7,1.018,1,40000,0.413,0.096,1
8,1.013,1.132,216562,0.159,0.097,1
9,1.006,1.031,25781,0.281,0.019,1
10,1.023,1.053,50550,0.183,0.047,1
11,1.07,1.882,224000,0.119,0.113,1
12,1.126,1.021,48500,0.297,0.003,1
13,1.029,1.055,70896,0.303,0.034,1
14,1.022,1,24131,0.54,0.011,1
15,1.007,0.993,55600,0.334,0.062,1
16,1.051,1.611,170777,0.195,0.104,1
17,1.064,0.917,50416,0.493,0.05,1
18,1.059,1.062,53125,0.311,0.015,1
19,1.089,1.071,77100,0.358,0.081,1
20,1.043,1.347,134705,0.305,0.128,1
21,1.007,1.029,15434,0.557,0.011,1
22,1.029,1.035,82800,0.268,0.021,1
23,1.041,0.938,11250,0.29,0.031,1
24,1.097,1.146,112350,0.156,0.166,1
25,1.025,1.308,204000,0.561,0.144,1
26,1.013,1.118,40260,0.232,0.052,1
27,1.055,1.071,21560,0.289,0.035,1
28,1.107,1,56000,0.184,0.08,1
29,1.044,1.031,87450,0.123,0.032,1
30,1.03,1,60000,0.451,0.057,1
31,1.042,1.385,158281,0.158,0.142,1
32,1.025,1.176,102300,0.176,0.155,1
33,1.131,1.012,75330,1,0.056,1
34,1.008,1.3,42900,0.492,0.014,1
35,1.059,1.073,49560,0.418,0.045,1
36,1.009,1,110000,0.97,0.001,1
37,1.026,1.036,62147,0.24,0.052,1
38,1.113,1.113,50062,0.295,0.016,1
39,1.022,1.194,129000,0.262,0.085,1
40,1.099,0.91,3640,0.062,0.009,1
41,1.101,0.899,49450,0.258,0.031,1
42,1.013,1.033,67150,0.489,0,1
43,1,1.3,35750,0.25,0.01,1
44,1.058,1.337,288800,0.1,0.179,1
45,1.103,1.036,145000,0.519,0.079,1
46,1.062,1.318,72500,0.19,0.104,1
47,1,1,70500,0.298,0.113,1
48,1.002,1,19000,0.42,0.049,1
49,1.138,1.091,61123,0.308,0.029,1
50,1.06,1.293,180516,0.284,0.135,1
51,1.075,1.055,185600,0.133,0.114,1
52,1.025,0.833,50000,0.387,0.078,1
53,1.059,1.5,151499,0.272,0.119,1
54,1,1.005,211050,0.8,0.048,1
55,1.141,1.604,209737,0.203,0.215,1
56,1.053,1.397,205762,0.216,0.23,1
57,2.529,1,99790,0.4,0.081,1
58,1.021,1.3,190612,0.315,0.165,1
59,1.017,1.35,913451,0.173,0.164,1
60,1,0.978,9339,0.585,0.024,1
61,1.002,1.012,49243,0.411,0.002,1
62,1.1,1.025,112750,1,0.087,1
63,1.012,0.988,415000,1,0.145,1
64,1.1,1.022,81760,0.447,0.079,1
65,1.012,0.785,8415,0.255,0.015,1
66,1.037,1.056,58099,0.229,0.026,1
67,1.241,1.08,67500,0.26,0.022,1
68,1.02,1.062,63700,0.344,0.056,1
69,1.005,1.006,181000,0.307,0.077,1
70,1.012,1.3,84500,0.536,0.015,1
71,1.207,0.923,8220,0.132,0.024,1
72,1.111,1.942,163646,0.016,0.149,1
73,1.133,1.049,47205,0.128,0.023,1
74,1.052,0.95,38000,0.346,0.063,1
75,1.041,3.17,31700,0.147,0,1
76,1.187,1.007,77328,0.356,0.108,1
77,1.057,1.038,410130,0.138,0.057,1
78,1.048,1.033,52080,0.425,0.006,1
79,1.041,1.138,74000,0.213,0.04,1
80,1.079,1.014,60350,0.447,0.011,1
81,1.134,1.2,162000,0.23,0.142,1
82,1.02,1,671000,1,0.082,1
83,1.003,1,6000,0.143,0.002,1
84,1.016,1.133,153000,0.435,0.172,1
85,1.057,1.281,130482,0.277,0.127,1
86,1.012,0.944,80277,0.196,0.13,1
87,1,1.154,87499,0.388,0.123,1
88,1.012,0.85,46750,0.363,0.091,1
89,1.025,1.238,54450,0.311,0.019,1
90,1.056,1.028,12330,0.368,0.015,1
91,1.013,1,228250,0.157,0.18,1
92,1.026,1.004,130500,0.462,0.032,1
93,1.061,1.081,110824,0.3,0.075,1
94,1.022,1,66000,0.385,0.102,1
95,1.032,1.125,94500,0.348,0.095,1
96,1.016,1.089,48800,0.337,0.038,1
97,1.033,1.09,204484,0.061,0.076,1
98,1.083,1,69600,0.294,0.063,1
99,1.028,1,576923,0.207,0.11,1
100,1.052,1.105,346500,0.85,0.177,1
101,1.077,1.26,80640,0.176,0.134,1
102,1.071,1.355,339468,0.146,0.186,1
103,1.111,1.385,189000,0.225,0.112,1
104,1.048,0.999,73193,0.2,0.091,1
105,1.016,1.169,74800,0.181,0.137,1
106,1.001,0.99,99134,0.157,0.151,1
107,1.08,1.562,22500,0.028,1.681,1
108,1.541,1.007,16410,0.014,0.161,1
109,1.056,1,78100,0.151,0.113,1
110,1.028,1.125,140625,0.404,0.099,1
111,1.001,0.981,73950,0.244,0.095,1
112,1.177,1.687,232308,0.281,0.09,1
113,1.098,1.316,556250,0.185,0.195,1
114,1.086,1.217,40150,0.338,0.033,1
115,1.161,2,180000,0.361,0.078,1
116,1.089,1.167,134750,1,0.175,1
117,1.052,1.316,127551,0.22,0.227,1
118,1.031,1,38400,0.5,0.029,1
119,1.024,1.017,57340,0.333,0.031,1
120,1.062,1.035,51750,0.325,0.039,1
121,1.069,1.067,80000,0.451,0.006,1
122,1.013,1.042,52500,0.287,0.038,1
123,1.061,1.033,51925,0.241,0.124,1
124,1.044,0.917,231561,0.167,0.086,1
125,1.035,1.25,67272,0.228,0.05,1
126,1.057,1.039,72509,0.291,0.092,1
127,1.04,1.333,102840,0.186,0.088,1
128,1.009,1.086,76000,0.355,0,1
129,1.124,1.938,516666,0.15,0.074,1
130,1.031,1,55000,0.309,0.051,1
131,1.027,0.929,23415,0.363,0.053,1
132,1.013,1,62500,0.474,0.064,1
133,1.321,1.889,59500,0.101,0.011,1
134,1.026,1.018,222750,0.356,0.059,1
135,1.104,1.093,43733,0.348,0.017,1
136,1.071,1.105,17691811,0.665,0.18,1
137,1.045,1.1,189117,1.106,0.024,1
138,1.055,2.015,611552,0.129,0.196,1
139,1.02,1.278,186300,0.143,0.16,1
140,1.023,1.532,250480,0.178,0.189,1
141,1.176,1.136,79500,0.217,0.037,1
142,1.052,1,75037,0.293,0.051,1
143,1.026,1.188,102600,0.303,0.102,1
144,1.008,1.231,80000,0.339,0.045,1
145,1.056,1.75,185499,0.217,0.254,1
146,1.021,1.3,114705,0.162,0.338,1
147,1.375,1.333,53600,0.312,0.1,1
148,1.038,1.2,154285,0.236,0.105,1
149,1,1.231,76800,0.3,0.094,1
150,1.022,1.353,230000,0.23,0.221,1
151,1.025,1.317,205729,0.328,0.206,1
152,1,1.1,70583,0.344,0.12,1
153,1.043,2.067,239800,0.123,0.166,1
154,1.023,1.385,245700,0.529,0.198,1
155,1.001,0.904,199394,0.229,0.079,1
156,1.004,1,60000,0.715,0.059,1
157,1.095,1.035,110968,0.29,0.058,1
158,1.017,0.933,630000,0.383,0.122,1
159,1.102,1.259,48235,0.266,0.041,1
160,1.003,1.101,303265,0.199,0.054,1
161,1.021,1.3,72800,0.429,0.044,1
162,1.228,1,58928,0.286,0.058,1
163,1.027,1.067,288000,0.519,0.221,1
164,1.023,1.091,76734,0.184,0.049,1
165,1.004,0.975,64349,0.319,0.138,1
166,1.045,0.941,176000,0.13,0.138,1
167,1.098,1.258,98770,1,0.185,1
168,1,1.005,150750,0.8,0.042,1
169,1.031,1.015,152300,0.629,0.113,1
170,1.082,1.194,509970,1,0.178,1
171,1.112,1.4,980000,0.055,0.084,1
172,1.388,0.98,9800,0.136,0.006,1
173,1.2,1.667,150000,0.608,0.187,1
174,1.019,1.087,250000,1,0.151,1
175,1.005,1,175000,0.8,0.055,1
176,1.015,1.5,150000,0.15,0.145,1
177,1.014,1,957446,0.289,0.107,1
178,1.018,1.009,65893,1,0.097,1
179,1,1.071,21435,2,0.002,1
180,1.14,1.167,255500,0.13,0.071,1
181,1.043,1.068,89132,0.529,0.011,1
182,1,1.429,182000,0.183,0.152,1
183,1.143,1.032,67068,0.463,0.016,1
184,1.019,1,25000,0.411,0.062,1
185,1.006,1,49980,0.53,0.042,1
186,1.022,1,49500,0.282,0.019,1
187,1.033,1.154,96000,0.279,0.024,1
188,1.009,1.038,19293,0.215,0.017,1
189,1.052,1.293,97000,0.318,0.029,1
190,1.044,1.012,60750,0.317,0.048,1
191,1.001,1,96500,0.229,0.112,1
192,1.008,1,70588,0.244,0.189,1
193,1.018,1.228,736888,1,0.122,1
194,1.052,1.062,34000,0.192,0.011,1
195,1.034,0.991,20816,0.415,0.079,1
196,1.048,1.05,15750,0.484,0.001,1
197,1.03,1.204,97211,0.233,0.12,1
198,1.127,1.6,20160,0.194,0.035,1
199,1.021,1.016,40911,0.422,0.015,1
200,1.016,1.017,40668,0.42,0.035,1
201,1.089,1.062,51000,0.315,0.039,1
202,1,1,20020,0.352,0.023,1
203,1.043,1.145,2037662,1,0.144,1
204,1.091,1.26,203206,0.228,0.155,1
205,1.008,1.015,234520,0.385,0.052,1
206,1.076,1.018,19860,0.327,0.016,1
207,1.017,1.179,179929,1,0.074,1
208,1.011,1.02,71400,0.363,0.007,1
209,1.026,1.03,93730,0.383,0.022,1
210,1.165,1.25,65625,0.498,0.012,1
211,1.071,1.497,190875,0.203,0.092,1
212,1.055,1.05,54207,0.163,0.054,1
213,1.039,1.068,59818,0.378,0.034,1
214,1.069,1.116,121448,0.237,0.131,1
215,1.083,1.2,85200,0.247,0.049,1
216,1.015,1,132375,0.238,0.083,1
217,1.082,1.156,81356,0.253,0.054,1
218,1.022,1.011,50533,0.548,0.013,1
219,1.05,1.233,92500,0.221,0.08,1
220,1.008,0.925,38541,0.313,0.15,1
221,1.048,1.115,110340,0.464,0.096,1
222,1.018,0.946,71020,0.238,0.148,1
223,1.055,1.042,78125,0.66,0.115,1
224,1,0.987,49687,0.564,0.077,1
225,1.017,1.007,1111687,1,0.097,1
226,1.078,1.02,66300,0.369,0.019,1
227,1,1.088,88800,0.143,0.056,1
228,1.044,1.267,135714,0.199,0.209,1
229,1.027,1.005,68768,0.33,0.023,1
230,1.024,1.102,517479,0.146,0.092,1
231,1.03,0.893,89375,0.155,0.048,1
232,1.002,1.159,115972,1,0.152,1
233,1.047,1.083,61750,0.26,0.03,1
234,1.04,1.236,123571,0.703,0.1,1
235,1.006,0.986,95850,0.306,0.029,1
236,1.019,1.033,94107,0.353,0.108,1
237,1.057,1.591,205499,0.029,0.137,1
238,1.147,1.583,211770,0.196,0.12,1
239,1,0.9,48150,0.331,0.058,1
240,1.087,1.143,80000,0.246,0.143,1
241,1,0.995,170100,0.56,0.116,1
242,1.023,1.158,122222,0.168,0.139,1
243,1.068,1.5,120000,0.208,0.121,1
244,1.008,1,472222,0.137,0.127,1
245,1.021,1.538,121190,0.169,0.209,1
246,1.107,1.571,110000,0.146,0.114,1
247,1.167,0.75,43500,0.028,0.145,1
248,1.1,1.111,111111,0.149,0.169,1
249,1.061,1.1,9075,0.975,0.026,1
250,1.036,0.86,145125,1,0.139,1
251,1.087,1.056,228000,1,0.15,1
252,1.023,1.119,909928,0.222,0.117,1
253,1.028,1.09,1398302,0.299,0.125,1
254,1.02,1,45000,0.408,0.034,1
255,1,1,20400,0.371,0.058,1
256,1.015,0.95,152000,0.8,0.137,1
257,1,1,96000,1,0.204,1
258,1.099,1.005,114600,0.133,0.127,1
259,1.016,1.321,590588,0.117,0.161,2
260,1.067,1.079,35785,0.185,0.045,1
261,1.178,1.778,171428,0.24,0.259,1
262,1,0.945,42525,0.265,0.065,1
263,1.015,1.215,87456,0.331,0.103,1
264,1.063,1,32727,0.298,0.077,1
265,1.1,1.48,306656,0.105,0.135,1
266,1.116,1,43400,0.301,0.024,1
267,1.032,1.204,701349,0.9,0.002,1
268,1.073,1.01,37572,0.35,0.019,1
269,1.022,0.881,47574,0.37,0,1
270,1.002,1,30150,0.497,0.005,1
271,1.056,1.228,221000,0.206,0.189,1
272,1.039,0.912,36480,0.361,0.029,1
273,1.057,1.179,90750,0.376,0.069,1
274,1.069,0.929,442000,0.136,0.044,1
275,1.005,1,65000,0.243,0.071,1
276,1.014,1.417,202419,0.156,0.296,1
277,1.103,1.653,134880,0.177,0.082,1
278,1.018,1.961,315700,0.298,0.177,1
279,1,1.667,129166,0.251,0.043,1
280,1.025,0.883,15105,0.266,0.013,1
281,1.105,1.048,175256,0.252,0.121,1
282,1.009,0.991,34880,0.225,0.085,1
283,1.056,1,22500,0.25,0.043,1
284,1.007,1.133,113312,0.307,0.151,1
285,1.114,1.167,75040,0.326,0.06,1
286,1.021,1.031,206250,0.249,0.062,1
287,1,1.1,210298,0.731,0.091,1
288,1.025,0.925,46250,0.376,0.088,1
289,1.144,2.047,214950,0.268,0.226,1
290,1.036,1,42000,0.348,0.036,1
291,1,1.824,218395,0.144,0.162,1
292,1.008,1.095,385600,0.45,0.101,1
293,1.114,1.167,40250,0.29,0.003,1
294,1.078,1.028,83250,0.199,0.098,1
295,1.015,1.296,106650,0.213,0.098,1
296,1.062,1,15100,0.578,0.036,1
297,1,1.148,872710,1,0.113,1
298,1.059,1.062,100000,0.15,0.16,1
299,1.05,1.031,314918,0.296,0.077,1
300,1,1.25,124999,0.438,0.083,1
301,1.099,1.531,149250,0.338,0.07,1
302,1.055,1.132,96750,0.265,0.169,1
303,1.062,1.13,69043,0.407,0.006,1
304,1.044,1.053,132277,0.354,0.081,1
305,1.009,1.052,128447,0.249,0.07,1
306,1.003,1.047,235687,0.562,0.102,1
307,1.044,1.087,39400,0.146,0.038,1
308,1.019,1,212500,1,0.1,1
309,1.083,1.2,134400,0.149,0.128,1
310,1.042,1,90900,0.252,0.173,1
311,1.234,1.89,314996,1,0.113,1
312,1.044,1,91800,0.307,0.135,1
313,1.048,2.181,263824,0.198,0.108,1
314,1.011,1.071,78000,0.295,0.03,1
315,1.051,1.004,52194,0.225,0.022,1
316,1.019,1.01,72720,1,0.062,1
317,1.049,1.066,31987,0.525,0.026,1
318,1.154,1.667,27000,0.416,0.003,1
319,1.159,1.183,53212,0.33,0.002,1
320,1.028,0.936,61418,0.19,0.029,1
321,1.007,1.145,86241,0.239,0.048,1
322,1,1,60000,0.344,0.019,1
323,1.004,1,60000,0.284,0.08,1
324,1.021,1.182,159900,0.197,0.045,1
325,1.026,1.672,172537,0.171,0.28,1
326,1.029,1.263,202330,0.183,0.172,1
327,1.119,1.235,49411,0.204,0.005,1
328,1.1,1,20000,0.514,0.046,1
329,1.119,1.312,126000,0.338,0.101,1
330,1.107,1,36000,0.264,0.275,1
331,1.023,1.049,658168,0.152,0.082,1
332,1.111,1.5,135000,0.2,0.171,1
333,1.03,1.262,240909,0.206,0.104,1
334,1.132,1.036,54613,1,0.003,1
335,1.013,0.946,177060,0.217,0.069,2
336,1.014,1.167,273777,0.256,0.145,1
337,1.145,1.156,106375,0.157,0.042,1
338,1.009,0.975,60450,0.733,0.034,1
339,1.022,1.111,140000,0.184,0.171,1
340,1.017,1.154,108000,0.306,0.074,1
341,1.021,1,56875,0.076,0.038,1
342,1.114,1.944,647500,0.129,0.19,1
343,1.03,1,260000,0.239,0.137,1
344,1.08,0.925,7862,0.225,0.057,1
345,1.036,1.141,104937,0.214,0.126,1
346,1.02,1.175,88100,0.353,0.09,1
347,1.021,1,90000,0.715,0.173,1
348,1.017,1.15,217158,0.353,0.165,1
349,1.03,1.032,45636,1,0.005,1
350,1.035,1.012,34569,1,0.009,1
351,1.543,1.029,679525,0.876,0.062,1
352,1,1.002,368742,0.694,0,1
353,1.03,1.238,134822,0.296,0.258,1
354,1.01,0.98,63700,0.805,0.075,1
355,1.021,1,54000,1,0.149,1
356,1,1.882,432000,0.146,0.179,1
357,1.029,0.946,72875,0.411,0.051,1
358,1.009,1,118750,0.303,0.081,1
359,1.021,1.111,115622,0.213,0.112,1
360,1.098,1.211,69000,0.295,0.075,1
361,1.026,1.365,162982,0.182,0.128,1
362,1.05,1.054,103320,0.269,0.11,1
363,1.01,0.948,37882,0.384,0.08,1
364,1.091,1.1,36494,0.477,0.019,1
365,1.078,1.3,65000,0.418,0.014,1
366,1.108,1.15,39204,0.267,0.051,1
367,1,1,19999,0.189,0.016,1
368,1.063,1.111,219500,0.19,0.105,1
369,1.247,1.5,19200,0.148,0.001,1
370,1.002,1.015,81606,0.404,0.054,1
371,1.002,0.975,35100,0.298,0,1
372,1.019,1.33,667361,0.726,0.229,1
373,1,1.591,461125,0.275,0.254,1
374,1,1.255,3860,0.041,0.001,1
375,1.008,0.99,16038,1,0.006,1
376,1.344,1.242,120722,0.297,0.052,1
377,1.073,1.058,213888,0.222,0.107,1
378,1.036,1.3,156000,0.374,0.119,1
379,1.136,1,72000,1,0.066,1
380,1.071,0.946,73775,0.336,0.054,1
381,1.579,1,166250,0.228,0.098,1
382,1.066,1.078,75417,0.109,0.096,1
383,1.02,1.016,65767,0.359,0.049,1
384,1.018,1.087,71250,0.205,0.047,1
385,1,1.037,84000,0.225,0,1
386,1.003,1.45,82940,0.271,0.107,1
387,1.042,1.029,77142,0.539,0.016,1
388,1.056,1.286,56250,0.218,0.067,1
389,1.002,1,119275,0.234,0.148,1
390,1.039,1.033,9526,1,0.012,1
391,1.06,1.1,116130,0.078,0.034,1
392,1,0.917,42307,0.268,0.117,1
393,1.059,1.174,360114,0.311,0.121,1
394,1.018,1.003,40133,0.337,0.024,1
395,1,1.077,37800,0.298,0.028,1
396,1.012,1,65000,0.238,0.164,1
397,1,0.956,33468,0.318,0.005,1
398,1.029,1.211,380242,0.519,0.192,1
399,1.115,1.062,25500,0.328,0.012,1
400,1.053,1.212,157500,0.066,0.131,1
401,1.039,1.438,253000,0.272,0.134,1
402,1.051,1.773,187200,0.201,0.262,1
403,1.143,1.333,168000,0.258,0.146,1
404,1.043,1.1,60500,0.272,0.021,1
405,1.059,1,55000,0.396,0.032,1
406,1.02,1.021,55125,0.213,0.033,1
407,1,0.933,109375,1,0.103,1
408,1.018,1,536172,0.2,0.097,1
409,1.136,1.583,38000,0.453,0.008,1
410,1,1.19,25000,0.933,0,1
411,1.052,0.926,72125,0.177,0.155,1
412,1.049,1.605,176900,0.203,0.26,1
413,1.022,1.121,142450,0.21,0.223,1
414,1.052,1.106,44240,1,0.01,1
415,1.011,0.95,404225,0.255,0.09,1
416,1.033,1.211,92000,0.126,0.017,1
417,1,1.011,16380,0.1,0.002,1
418,1.045,1.113,40080,0.295,0.013,1
419,1.034,1.2,66000,0.222,0.136,1
420,1.071,1.002,7371,0.128,0.01,1
421,1.082,1.233,103230,0.21,0.127,1
422,1.066,1.082,75743,0.433,0.012,1
423,1.094,1.184,103946,1,0.123,1
424,1.052,1.314,125398,0.414,0.121,1
425,1.045,1.312,132825,0.199,0.142,1
426,1.062,1.35,101250,0.221,0.158,1
427,1.021,1,14062,0.19,0.055,1
428,1.429,1.4,1826093,0.404,0.158,1
429,1.094,1,81900,1,0.064,1
430,1,3,207720,0.199,0.075,1
431,1.05,1.25,120000,0.275,0.071,1
432,1.07,1.25,70000,0.417,0.006,1
433,1.045,1.105,100590,0.214,0,1
434,1.045,1.1,1100000,1,0.139,1
435,1.02,1.105,54720,0.381,0.022,1
436,1.023,1.512,161748,0.301,0.133,1
437,1.059,1.773,448500,1,0.152,1
438,1.005,1.333,100000,0.242,0.061,2
439,1.022,1.05,592075,0.785,0.05,2
440,1.011,0.973,138600,0.834,0.08,2
441,1.039,1.144,123284,0.523,0.162,2
442,1.07,0.977,307142,0.247,0.102,2
443,1.005,1.006,191194,0.99,0,2
444,1,1,71250,0.334,0.078,2
445,1.008,1.028,825212,0.323,0.114,2
446,1.022,0.97,2303750,0.197,0.046,2
447,1.007,1,600300,0.144,0.117,2
448,1.009,1.22,1220000,0.527,0.148,2
449,1.023,1.346,129352,0.298,0.106,2
450,1.027,1.066,353315,0.974,0.107,2
451,1.026,0.974,687794,0.248,0.071,2
452,1.016,1,78750,0.829,0.099,2
453,1.063,1.025,89142,0.388,0.036,2
454,1.005,0.95,190000,0.974,0.111,2
455,1.053,1.285,290062,0.083,0.218,2
456,1.009,1,90000,0.252,0.181,2
457,1.031,1.173,389106,1,0.132,2
458,1.016,0.984,556466,0.246,0.126,2
459,1,1,45000,0.893,0.006,2
460,1.016,1.231,1934508,0.137,0.145,2
461,1.025,1.235,1543167,0.567,0.116,2
462,1.018,1,114000,0.987,0.071,2
463,1.012,0.955,206249,0.141,0.075,2
464,1.025,1.012,734062,0.158,0.073,2
465,1,1,287710,0.426,0.029,2
466,1.015,0.964,135000,0.554,0.074,2
467,1.011,1,82500,0.326,0.036,2
468,1.164,0.917,171875,0.212,0.12,2
469,1.04,1.774,235851,1,0.187,2
470,1.018,0.917,137500,0.136,0.097,2
471,1.013,1,1100000,0.004,0.058,2
472,1.05,0.846,108240,0.147,0.155,2
473,1.01,0.963,262499,0.168,0.085,2
474,1.132,1.395,439530,0.219,0.021,1
475,1,1.074,1047000,0.218,0.09,2
476,1.618,1.363,29673835,1,0.15,2
477,1.06,1.015,241640,0.116,0.044,2
478,1.022,1.211,299294,0.284,0.22,2
479,1,0.912,155000,0.253,0.171,2
480,1.002,0.972,121562,0.714,0.181,2
481,1.011,0.953,448529,0.261,0.07,2
482,1.022,1.261,280275,0.161,0.171,2
483,1.074,1,127200,0.257,0.114,2
484,1.014,1.071,472500,0.276,0.2,2
485,1,1.093,855500,0.299,0.097,2
486,1.036,1.406,168750,0.17,0.144,2
487,1.023,1.035,46315,0.165,0.026,2
488,1.02,1.188,95000,0.201,0.262,2
489,1.086,1.443,252500,1,0.262,2
490,1.06,1.068,82250,0.332,0.054,2
491,1.01,1.032,851812,0.185,0.079,2
492,1.016,1.008,430874,0.237,0.047,2
493,1.033,1.356,307333,0.186,0.256,2
494,1.056,1.047,172474,0.267,0.055,2
495,1.011,1,354166,0.997,0.033,2
496,1.017,1,103040,0.209,0.124,2
497,1.058,1.515,125000,0.05,0.151,2
498,1.006,1,75000,0.634,0.046,2
499,1.012,1,3010000,0.25,0.09,2
500,1.007,1,118750,0.951,0.02,2
501,1.023,0.88,165000,0.184,0.234,2
502,1,1,380000,0.57,0.084,2
503,1.014,0.925,120250,0.867,0.15,2
504,1,1,72500,0.724,0.029,2
505,1.011,1,198900,0.317,0.082,2
506,1.033,1.034,345000,0.222,0.172,2
507,1.042,1.089,183000,1,0.072,2
508,1.01,1,159600,0.221,0.065,2
509,1.023,1.295,498750,0.6,0.134,2
510,1.032,1,75000,0.431,0.07,2
511,1.014,1,270400,0.988,0.069,2
512,1.001,1,999999,0.791,0.17,2
513,1.133,1.697,285075,0.144,0.136,1
514,1,1,230000,0.039,0.039,2
515,1.009,1.217,1310719,1,0.147,2
516,1.061,1.248,113473,0.18,0.169,2
517,1.073,2.344,416250,1,0.131,2
518,1.019,0.9,299999,0.218,0.05,2
519,1.007,0.976,850000,0.362,0.07,2
520,1.014,1,142105,0.755,0.027,2
521,1.017,1.01,606000,0.163,0.08,2
522,1.034,1.81,212800,0.145,0.204,2
523,1.084,0.914,80400,0.18,0.121,2
524,1.061,1.531,416500,0.044,0.139,2
525,1.057,1.516,385400,1,0.151,2
526,1.012,1.083,195000,0.536,0.043,2
527,1.027,1.1,184880,0.667,0.068,2
528,1.02,0.944,212500,0.834,0.121,2
529,1.024,0.966,511675,0.073,0.092,2
530,1.089,1.071,393750,0.547,0.137,2
531,1.064,1.382,209150,0.109,0.122,2
532,1.013,1,119999,0.977,0.013,2
533,1.008,1.231,213333,0.264,0.134,2
534,1.063,1.051,79840,0.047,0.023,2
535,1.013,1.04,225680,0.211,0.049,2
536,1.03,1.578,138875,0.196,0.166,2
537,1.012,0.95,122550,0.706,0.146,2
538,1.08,1.257,101200,0.281,0.101,2
539,1.007,1,818100,0.189,0.097,2
540,1.012,1,176050,0.667,0.026,2
541,1.019,0.956,96750,0.273,0.141,2
542,1.002,1.012,121400,1,0,2
543,1.133,1,45000,0.368,0.075,2
544,1.003,0.994,126749,0.323,0.125,2
545,1.006,1.075,537500,0.12,0.109,2
546,1.09,1.039,65450,0.227,0.037,2
547,1.047,1.146,82500,0.146,0.098,2
548,1.005,0.995,700480,0.144,0.119,2
549,1.048,1.185,736000,0.086,0.212,2
550,1.022,1.095,287500,0.721,0.133,2
551,1.027,1.009,55500,0.217,0.011,2
552,1.005,1.294,433622,0.236,0.186,2
553,1.025,1.004,933075,0.79,0.084,2
554,1.017,0.98,195120,0.11,0.045,2
555,1.06,1,200000,0.84,0.096,2
556,1.017,1.036,103675,0.241,0.131,2
557,1.065,1.051,77500,0.208,0.016,1
558,1.014,1.059,207000,0.289,0.172,2
559,1.017,1.098,1060500,0.241,0.096,2
560,1.007,1.093,552000,0.319,0.171,2
561,1.045,1.047,172525,0.338,0.121,2
562,1.024,0.932,154160,0.224,0.136,2
563,1.01,1,350000,0.27,0.125,2
564,1.05,1.009,141719,0.044,0.044,2
565,1.018,1.125,426315,0.224,0.109,2
566,1,1.118,185250,0.172,0.06,2
567,1.028,1.239,817500,0.201,0.089,2
568,1.049,1.52,1111880,1,0.199,2
569,1.014,1.087,316875,0.161,0.109,2
570,1.041,1.35,179296,0.227,0.132,2
571,1.019,1.034,413750,0.156,0.087,2
572,1.009,1,55440,0.252,0.036,2
573,1.026,1.056,826500,0.181,0.099,2
574,1.028,0.941,320000,0.272,0.076,2
575,1.011,1.071,225900,1,0.074,2
576,1.022,1.006,81450,0.289,0.063,2
577,1.026,1.307,601450,0.372,0.15,2
578,1.039,1.199,196679,0.674,0.162,2
579,1.082,0.967,92075,0.259,0.173,2
580,1.112,1.215,155790,0.229,0.279,2
581,1.031,1.617,174660,0.198,0.177,2
582,1,1.295,75757,0.175,0.057,2
583,1.031,0.893,293750,0.374,0.055,2
584,1.032,1.214,214200,0.855,0.108,2
585,1.028,1.061,16730000,0.319,0.079,2
586,1.06,1.092,109166,0.133,0.014,2
587,1.005,1.038,373500,0.257,0.091,2
588,1.035,0.911,191250,0.188,0.104,2
589,1.001,0.963,90990,0.235,0.02,2
590,1.021,1.01,417069,0.03,0.049,2
591,1.02,1.538,296224,0.094,0.153,2
592,1.003,1,288000,0.276,0.062,2
593,1.04,1.288,148237,0.181,0.158,2
594,1.011,0.972,78750,0.055,0.1,2
595,1.025,0.928,154666,0.881,0.04,2
596,1.01,1.04,3937440,0.245,0.093,2
597,1.039,0.921,291666,0.312,0.125,2
598,1.058,1,191250,0.825,0.095,2
599,1.003,1.158,532800,0.454,0,2
600,1.104,0.895,67125,0.172,0.167,2
601,1.1,1.065,2505745,0.119,0.086,2
602,1.011,1.1,211200,0.73,0.149,2
603,1.029,1.05,69300,0.208,0.026,2
604,1.001,1.318,164750,0.165,0.215,2
605,1.042,0.944,328502,0.184,0.057,2
606,1.032,1.118,91635,0.253,0.13,2
607,1.015,1,110000,0.438,0.065,2
608,1.02,1.014,427122,0.047,0.06,2
609,1.014,1,179166,0.822,0.06,2
610,1.004,1,143000,0.223,0.063,2
611,1.029,1.133,85000,0.219,0.158,2
612,1.022,1.278,115000,0.226,0.121,1
613,1.026,1.109,1441700,0.196,0.073,2
614,1.005,1.015,257400,0.953,0.048,2
615,1.029,1.107,83000,0.126,0.087,2
616,1.068,1.115,295441,0.314,0.123,2
617,1.057,1.25,102000,0.283,0.097,2
618,1.02,1.002,100250,0.951,0.012,2
619,1.002,0.955,130357,0.999,0.09,2
620,1.038,1.239,303565,1,0.121,2
621,1.003,0.988,143187,0.967,0.169,2
622,1.015,0.936,175500,1,0.075,2
623,1.066,1.041,55173,1,0.055,2
624,1.01,1.025,281875,0.755,0.088,2
625,1.098,0.911,455100,0.07,0.228,2
626,1.009,1.057,3026291,1,0.073,2
627,1,1.095,171350,0.87,0.101,2
628,1.009,1.25,1180000,0.247,0.175,2
629,1.01,1.083,643500,0.088,0.055,2
630,1.012,0.971,218625,0.273,0.082,2
631,1.028,1.65,1428075,0.16,0.1,2
632,1.014,1.08,108000,1,0.07,2
633,1.12,1.175,92628,1,0.087,2
634,1.12,1.844,650720,1,0.287,2
635,1.054,0.931,131566,0.182,0.148,2
636,1.008,1,134999,0.125,0.052,2
637,1.032,1.015,301875,0.14,0.073,2
638,1.005,0.985,640687,0.309,0.102,2
639,1.011,1,178752,0.601,0.052,2
640,1.063,1.1,88000,1,0.033,2
641,1.007,1.224,85115,0.792,0,2
642,1.011,1.004,234166,0.42,0.139,2
643,1.077,1.44,1281204,0.168,0.135,2
644,1.008,1.08,175500,0.455,0.095,2
645,1.009,0.975,278571,0.215,0.08,2
646,1.026,0.944,101939,1,0.079,2
647,1.016,0.944,314500,0.818,0.083,2
648,1.005,0.975,107250,0.595,0.074,2
649,1.012,1.25,125921,1,0.074,2
650,1.116,1.923,255000,0.136,0.201,2
651,1.026,1.117,80400,0.168,0.052,2
652,1.019,1,150000,1,0.063,2
653,1.043,1.31,136822,0.314,0.238,2
654,1.016,1.017,152500,0.149,0.059,2
655,1.029,1.159,441150,0.468,0.123,2
656,1.045,1.019,318000,0.366,0.039,2
657,1.018,0.976,465909,0.224,0.069,2
658,1.05,1.357,142500,0.243,0.124,2
659,1,0.979,156666,0.244,0.065,2
660,1.036,1,133000,0.241,0.037,2
661,1.022,0.957,71500,0.254,0.13,2
662,1.012,1.089,274500,0.282,0.085,2
663,1.035,0.919,114864,0.056,0.068,2
664,1.071,0.875,82352,0.261,0.08,2
665,1.023,0.88,106920,0.867,0.116,2
666,1,1.052,144787,0.155,0.061,2
667,1.005,0.989,287100,0.4,0.137,2
668,1.07,0.983,154523,1,0.128,2
669,1.02,1.302,528937,1,0.1,2
670,1.083,1.311,150800,0.109,0.194,2
671,1.012,1,73500,0.411,0.075,2
672,1.043,1.2,128571,0.328,0.158,2
673,1.009,1.076,1767857,0.205,0.089,2
674,1.013,1.481,248800,0.114,0.209,2
675,1.029,1.25,126000,0.307,0.129,2
676,1.021,1.094,332500,0.2,0.122,2
677,1.006,1.319,276687,0.097,0.131,2
678,1.032,1.273,105000,0.319,0.118,2
679,1.023,1,260000,0.475,0.095,2
680,1.002,1,80000,0.777,0.065,2
681,1.024,0.969,226166,0.192,0.074,2
682,1.049,0.976,221975,0.221,0.09,2
683,1.035,1.074,244799,0.217,0.096,2
684,1.062,1.3,163800,0.297,0.134,2
685,1.019,1.094,111125,0.206,0.21,2
686,1.022,1.045,89843,0.475,0.05,2
687,1.006,1.216,523631,1,0.188,2
688,1.012,0.953,362563,0.289,0.094,2
689,1.017,0.967,58483,0.546,0.113,2
690,1.02,0.958,301875,0.217,0.153,2
691,1.026,0.961,91250,0.511,0.151,2
692,1.032,0.989,347100,0.327,0.119,2
693,1,1,308000,0.183,0.056,2
694,1.042,1.325,265000,0.151,0.191,2
695,1.028,0.931,60500,0.295,0.067,2
696,1.04,1.316,152500,0.129,0.116,2
697,1.01,0.973,34456,0.706,0.029,2
698,1.3,1.25,293680,0.092,0.139,2
699,1.005,1,49500,0.028,0.022,2
700,1.012,1.034,2912000,1,0.046,2
701,1.125,1.313,341930,0.093,0.141,2
702,1.001,1.193,118945,0.131,0.049,2
703,1.006,1.077,574000,1,0.082,2
704,1.011,1.217,385000,0.866,0.115,2
705,1.008,1.205,1115000,0.584,0.062,2
706,1.017,1.113,645540,0.257,0.128,2
707,1.028,1.014,202777,1,0.065,2
708,1.05,1.064,352894,0.244,0.119,2
709,1.027,1.107,246263,0.17,0.171,2
710,1.001,1.057,2422190,0.681,0.073,2
711,1.006,0.964,112178,0.315,0.059,2
712,1.103,1.563,107543,0.185,0,2
713,1.017,1.206,448437,0.189,0.211,2
714,1.018,1.26,475996,0.466,0.205,2
715,1.006,1.094,1036421,0.184,0.136,2
716,1.015,1.108,465400,0.749,0.151,2
717,1.237,1.862,326991,0.07,0.164,2
718,1.018,1.067,274400,0.454,0.068,2
719,1.031,1.25,126114,0.243,0.204,2
720,1.021,0.933,280000,0.2,0.037,2
721,1.002,0.988,49375,1,0.035,2
722,1.231,1.393,1035450,0.045,0.143,2
723,1.003,1.054,236000,0.634,0.048,2
724,1.034,1.335,165516,0.14,0.174,2
725,1.027,1.043,963599,0.345,0.077,2
726,1.1,1,385000,0.423,0.19,2
727,1,1,126000,0.114,0.184,2
728,1.01,1.222,244375,0.262,0.181,2
729,1.034,1.217,1314000,0.307,0.135,2
730,1.011,0.958,474375,0.267,0.058,2
731,1.019,1.133,71400,0.341,0.073,2
732,1.024,1.193,262500,0.989,0.167,2
733,1.035,0.957,394750,0.869,0.078,2
734,1.048,0.988,161127,0.428,0.1,2
735,1.01,1,300000,0.392,0.102,2
736,1.068,1.327,129375,1,0.125,2
737,1.018,1,370000,0.479,0.079,2
738,1.008,1.097,279204,0.396,0.039,2
739,1.02,1.025,143500,0.834,0.119,2
740,1.016,1.051,410000,0.276,0.071,2
741,1.04,1.167,118492,0.195,0.17,2
742,1.019,1.058,451184,0.262,0.094,2
743,1.014,0.941,113850,0.343,0.08,2
744,1.026,1,305175,0.236,0.02,2
745,1.006,1.011,247775,0.355,0.072,2
746,1.029,1.073,1931030,0.216,0.067,2
747,1.029,1.091,210000,0.353,0.128,2
748,1.005,1.038,566800,0.523,0.059,2
749,1.046,1.083,958100,1,0.118,2
750,1.02,1.132,794560,0.28,0.193,2
751,1.01,1.026,626455,0.281,0.1,2
752,1.024,1.092,176195,0.189,0.091,2
753,1.035,1.576,196526,0.06,0.125,2
754,1.062,1.074,121978,0.287,0.046,2
755,1.019,2.287,240150,0.442,0,2
756,1.015,1.391,1280000,0.593,0.179,2
757,1.026,1.647,215600,1,0.178,2
758,1.011,1.012,174000,0.267,0.054,1
759,1.011,1.015,202941,0.222,0.077,2
760,1.016,1.05,262500,0.512,0.04,2
761,1.02,0.909,200000,0.303,0.019,2
762,1.023,0.926,173593,0.347,0.079,2
763,1.039,0.9,69300,0.223,0.171,2
764,1.007,1,435000,0.36,0.094,2
765,1.008,0.972,148750,0.844,0.108,2
766,1.022,1.294,104500,0.105,0.12,2
767,1.018,1.324,101250,0.137,0.183,2
768,1.011,1.137,642687,0.141,0.104,2
769,1.005,1.062,540375,0.248,0.079,2
770,1.004,1.12,447999,0.956,0.163,2
771,1.008,1,806300,0.549,0.092,2
772,1.015,1.062,197200,0.166,0.206,2
773,1.015,1,256500,0.859,0.22,2
774,1.04,1.1,198000,0.737,0.154,2
775,1.043,1,2875000,0.151,0.07,2
776,1.296,0.943,61021,0.01,0.054,2
777,1.009,1,78571,0.258,0.142,2
778,1.035,1.944,437500,0.271,0.251,2
779,1.028,1.574,246675,0.223,0.171,2
780,1.018,1.066,1282350,1,0.166,2
781,1.026,1.023,287100,0.537,0.095,2
782,1,1,132000,0.683,0.084,2
783,1.016,1.004,120500,0.346,0.036,2
784,1.006,1.107,302250,0.852,0.12,2
785,1.026,1.213,150400,1,0.158,2
786,1.018,1.061,667156,1,0.13,2
787,1.05,1.156,277500,0.22,0.209,2
788,1.014,1.042,84687,0.334,0.042,2
789,1.009,1.151,267756,0.433,0.141,2
790,1.028,0.98,270152,0.219,0.086,2
791,1.012,1.095,394637,0.387,0.082,2
792,1.008,1.1,82500,0.152,0.099,2
793,1.015,1.094,727409,0.166,0.154,2
794,1.018,1.125,80156,0.268,0.027,1
795,1.005,1.087,206500,0.212,0.111,2
796,1,0.976,89499,0.951,0.097,2
797,1.035,1.444,488276,0.277,0.158,2
798,1.001,1.106,530700,0.25,0.092,2
799,1.083,1.735,3157000,0.129,0.169,2
800,1.049,1.6,120000,0.228,0.15,2
801,1.007,1.129,346752,0.263,0,2
802,1.028,0.983,114312,1,0.155,2
803,1.012,1.095,843500,0.254,0.135,2
804,1.014,0.972,192500,0.731,0.123,2
805,1.027,0.929,144096,0.893,0.097,2
806,1.02,1.5,140400,0.269,0.217,2
807,1.043,1.9,495710,1,0.158,2
808,1.038,0.923,66027,0.109,0.106,2
809,1.35,1.538,130000,1,0.076,2
810,1.012,1.228,423750,0.521,0.211,2
811,1.064,0.833,135000,0.22,0.187,2
812,1.033,1.475,295000,0.276,0.252,2
813,1.011,1.06,246752,0.652,0.073,2
814,1.048,0.987,1254951,0.25,0.06,2
815,1.1,1.063,350406,0.196,0.181,2
816,1.083,1,367500,0.87,0.122,2
817,1.028,1.241,396000,1,0.195,2
818,1.016,1.11,64935,0.253,0.111,2
819,1.003,0.983,309750,0.245,0.074,2
820,1.093,1.538,115720,1,0.15,2
821,1.012,1.017,103991,0.265,0.052,2
822,1.013,1,100000,0.457,0.067,2
823,1.025,1.716,1093137,1,0.093,1
824,1.03,1.235,466979,0.08,0.146,2
825,1.064,1.05,336000,0.87,0.02,2
826,1.053,1,100800,0.266,0.14,2
827,1.072,1.045,227244,0.323,0.137,2
828,1.012,1.262,340650,0.887,0.13,2
829,1.005,0.94,150400,0.774,0.166,2
830,1.012,1.003,232725,0.275,0.063,2
831,1.031,1.091,330000,0.603,0.123,2
832,1.01,0.975,170625,0.531,0.074,2
833,1,1,26400,1,0.03,2
834,1.171,1.247,233200,1,0.149,2
835,1.009,1.118,437000,1,0.104,2
836,1.064,1.319,210999,0.105,0.102,2
837,1.068,1.4,168000,0.081,0.086,2
838,1.061,1,56300,0.254,0.085,2
839,1.03,1.505,192049,0.1,0.084,2
840,1.181,1.467,157371,1,0.166,2
841,1.111,2.109,427887,0.009,0.098,2
842,1.046,1.132,452842,0.088,0.07,2
843,1.046,1.267,126666,0.158,0.074,2
844,1.005,0.965,115825,0.709,0.236,2
845,1.01,1.832,149624,0.317,0.189,2
846,1.084,1.075,81401,1,0.09,2
847,1.008,1.212,2712150,1,0.159,2
848,1.033,1,77400,0.062,0.073,2
849,1.003,1.001,72072,0.762,0.013,1
850,1.016,0.966,231840,0.8,0.031,1
851,1,1,40000,0.755,0.025,1
852,1,1,60000,0.767,0.034,1
853,1.004,1,70000,0.763,0.065,1
854,1.009,1.001,40040,0.757,0.037,1
855,1.002,1.003,125374,0.772,0.035,1
856,1.007,0.978,78240,0.8,0.053,1
857,1.004,1,100000,0.759,0.048,1
858,1.001,1,350000,0.8,0.058,1
859,1.002,1,125000,0.8,0.03,1
860,1.007,1,40000,0.768,0.12,1
861,1.001,1,40000,0.772,0.062,1
862,1.004,1,185000,0.8,0.037,1
863,1.006,1.008,438480,0.8,0.016,1
864,1.016,1.018,974399,0.068,0.003,2
865,1.019,0.933,233774,0.185,0.119,1
866,1.231,1.286,54000,0.343,0.041,1
867,1.048,1,25000,0.292,0.04,1
868,1.038,0.975,53625,0.357,0.035,1
869,1.049,1,51000,0.296,0.012,1
870,1.006,1.083,238875,0.999,0.051,2
871,1.041,0.984,189000,0.192,0.067,2
872,1.101,1.049,11540,0.158,0.01,1
873,1.045,0.791,10298,0.83,0.013,1
874,1.072,1,50000,0.387,0.044,1
875,1.016,0.916,151200,0.091,0.075,1
876,1.006,1.004,602400,0.8,0.026,1
877,1.013,1.205,198750,0.252,0.163,2
878,1,1,49999,0.433,0.018,3
879,1.016,1.154,1030500,0.091,0.14,2
880,1.015,1.131,452333,1,0,1
881,1.088,1,45030,0.173,0.007,3
882,1.183,1.732,207900,0.216,0.213,1
883,1.006,1,450000,0.8,0.027,1
884,1.031,1,50000,0.301,0.011,1
885,1.026,1,70500,0.23,0.064,1
886,1.032,0.94,10377,0.13,0.024,1
887,1.107,1.083,86666,0.239,0.045,1
888,1.003,1.002,50100,0.743,0.041,1
889,1.074,1.012,6885,0.216,0.014,3
890,1,1,50000,0.374,0.053,1
891,1.058,1.375,190638,0.249,0.174,1
892,1.001,1,50000,0.767,0.023,3
893,1.011,0.985,418499,1,0.126,2
894,1.059,0.924,250701,0.297,0.125,1
895,1,2,10600,0.079,0,1
896,1.034,1.055,84855,0.266,0.043,1
897,1.03,1,54000,0.338,0.054,2
898,1.067,0.929,30225,0.416,0.017,1
899,1.023,1.03,20600,0.255,0.021,1
900,1.09,1.1,85250,0.144,0.177,1
901,1.034,0.906,195750,0.383,0.233,2
902,1.001,1.024,2622400,1,0.041,2
903,1,1.078,47045,0.283,0.031,1
904,1.051,1.079,75500,0.192,0.018,1
905,1.102,1.036,45312,0.312,0.032,1
906,1.086,1.12,28000,0.338,0.009,1
907,1,1.301,9469,0.06,0.005,1
908,1.173,1.1,165000,0.266,0.065,1
909,1.005,1.003,80270,0.245,0.057,1
910,1.022,1.333,160000,0.133,0.19,2
911,1.069,1.026,46800,0.122,0.056,2
912,1.009,1,70400,0.166,0.113,2
913,1.031,0.941,32000,0.415,0.035,2
914,1.12,0.938,56097,0.965,0.057,1
915,1.003,1.085,59700,0.258,0.022,1
916,1.028,1.125,106200,0.165,0.096,1
917,1.013,1.045,293250,0.37,0.044,2
918,1.021,1.066,108693,0.305,0.025,1
919,1.184,1.151,104715,0.054,0.019,1
920,1.035,0.949,504125,0.699,0.089,1
921,1.022,1.071,157500,0.175,0.152,2
922,1,0.977,13500,0.888,0.003,1
923,1.001,1,300000,0.8,0.027,1
924,1.083,1.005,60830,0.807,0.051,1
925,1.033,1,101250,1,0.039,1
926,1.009,1.074,58630,0.209,0.06,1
927,1.018,1.207,191202,1,0.091,1
928,1.087,1,27000,0.415,0.019,3
929,1.014,1.022,103500,1,0.024,1
930,1.056,1.143,57600,0.367,0.019,1
931,1.106,1.244,302400,1,0.14,2
932,1.001,1,100000,0.728,0.036,1
933,1.047,1,275500,0.146,0.069,2
934,1.006,1.083,1137500,1,0.08,2
935,1.241,1.094,175000,0.246,0.126,1
936,1.027,0.875,42000,0.355,0.263,3
937,1.056,1.498,13844,0.108,0.003,1
938,1.004,1,11168,0.262,0,3
939,1.005,1.054,1077777,0.208,0.119,2
940,1.036,1.111,102510,1,0.019,1
941,1.014,1.318,608740,0.416,0.106,1
942,1.03,0.992,111120,0.75,0.175,1
943,1.026,1,237500,0.139,0.176,2
944,1.02,1.222,132000,0.171,0.133,1
945,1.064,1.333,106666,0.191,0.006,1
946,1.005,0.98,705600,0.155,0.069,3
947,1.062,0.985,9356,1,0.01,1
948,1.029,1.221,256400,0.253,0.162,2
949,1.002,1.003,351050,0.8,0.016,1
950,1.002,1.316,29375,0.259,0.01,3
951,1.007,1,80000,0.8,0.024,1
952,1.005,1.01,404000,0.8,0.043,1
953,1.098,1.261,130500,0.126,0.173,1
954,1,1.005,40200,0.753,0.087,1
955,1.003,1.108,60247,0.207,0.052,1
956,1.049,1.009,53284,0.253,0.046,1
957,1,1,13500,0.265,0.011,1
958,1.1,1.3,32500,0.118,0.004,1
959,1.027,0.901,85595,0.212,0.048,1
960,1.001,0.982,52250,0.947,0.053,2
961,1.012,0.969,69300,0.221,0.053,1
962,1.189,1.097,10536,0.131,0.001,1
963,1.058,0.992,212850,0.213,0.071,2
964,1.065,1.032,20650,0.398,0.029,1
965,1.039,1,75000,1,0.058,2
966,1.001,1,250000,0.8,0.137,1
967,1.025,0.853,29866,0.256,0.073,1
968,1.108,1.283,84660,0.108,0.078,1
969,1.046,1,12000,0.207,0.092,1
970,1.096,1.109,16633,0.333,0.008,1
971,1.051,1.462,140400,1,0.182,1
972,1.07,1.084,26016,0.283,0.007,1
973,1.012,0.92,4857,0.1,0.01,1
974,1,1.267,95000,0.238,0.043,1
975,1.003,1.005,376875,0.8,0.013,1
976,1.024,1.104,42807,0.239,0.027,1
977,1.016,1.025,92250,0.279,0.116,1
978,1.007,1.052,510304,0.151,0.119,1
979,1.183,1.023,38682,0.246,0.081,1
980,1.005,0.925,27750,0.356,0.073,1
981,1.072,1.173,102175,1,0.147,1
982,1.038,1.125,118800,0.315,0.149,1
983,1,1.136,11363,0.234,0,1
984,1.001,1,50000,0.752,0.032,1
985,1.012,1.224,197050,0.177,0.14,1
986,1,1,150000,0.781,0.134,1
987,1.098,1.137,45500,0.4,0.034,1
988,1.115,1.309,59040,0.268,0.009,1
989,1.12,1.656,394055,1,0.172,1
990,1.044,1.014,76050,0.313,0.067,1
991,1.024,1.286,86400,0.27,0.17,1
992,1,1,90000,0.459,0.04,1
993,1.001,1.006,236410,0.8,0.026,1
994,1.088,1.071,75000,0.279,0.029,1
995,1,1,65000,0.766,0.027,1
996,1.11,1.2,60000,0.176,0.016,1
997,1.059,1.035,41400,0.24,0.023,1
998,1.012,1.537,145215,1,0.166,1
999,1.088,1.037,71312,0.191,0.076,1
1000,1.1,1.225,63210,0.276,0.107,1
1001,1.025,1.597,134166,1,0.13,1
1002,1.046,0.911,105865,0.207,0.122,1
1003,1.874,3.944,30409,0.081,0.001,1
1004,1,1.197,758333,0.235,0.095,1
1005,1,1.139,394625,0.23,0.122,2
1006,1.01,1.119,437100,0.237,0.123,2
1007,1.017,0.896,54954,0.132,0.175,2
1008,1.025,1.08,269886,0.617,0.148,2
1009,1.072,1.412,199999,0.188,0.174,2
1010,1.006,1.113,124411,0.255,0.127,2
1011,1.004,1,130434,0.833,0.036,2
1012,1.014,1.083,140838,0.146,0.179,2
1013,1.016,0.963,72187,0.139,0.17,2
1014,1.059,1.279,1470000,0.167,0.104,2
1015,1.017,0.958,229141,0.659,0.062,2
1016,1.025,1.178,331250,0.786,0.158,2
1017,1.006,1.068,267021,0.2,0.106,2
1018,1,1.19,744047,0.212,0.146,2
1019,1.063,1.599,239899,1,0.179,2
1020,1.017,1.095,723000,0.15,0.169,2
1021,1.048,1.167,136500,0.256,0.1,2
1022,1,0.944,1326640,1,0.138,2
1023,1.04,1.442,210872,0.174,0.144,1
1024,1.088,1.071,60000,0.102,0.047,1
1025,1.014,0.923,305956,0.289,0.093,1
1026,1.018,1,192500,1,0.083,1
1027,1.008,1.004,481919,0.8,0.014,1
1028,1.047,1.574,168367,0.298,0.139,1
1029,1.03,1.05,112560,0.204,0.171,1
1030,1.018,1.089,99817,0.328,0.104,1
1031,1.033,0.936,120510,0.342,0.057,1
1032,1.021,1,328666,0.261,0.087,2
1033,1.033,1,217500,0.241,0.023,2
1034,1.029,0.791,13460,0.27,0.003,1
1035,1.013,1.012,67837,1,0.029,2
1036,1.024,1.089,1176120,0.361,0.139,2
1037,1.003,0.984,147600,0.8,0.067,1
1038,1.05,1.047,431750,0.302,0.022,2
1039,1.063,1.139,60247,0.248,0.06,1
1040,1.007,1.079,18120,0.245,0.016,1
1041,1.033,1.031,15468,0.185,0.03,1
1042,1.004,0.903,32200,0.185,0.067,1
1043,1.11,1.018,292433,1,0.083,1
1044,1.003,1.75,35000,0.294,0,1
1045,1.012,1.016,381000,0.8,0.018,1
1046,1.007,0.94,445550,0.15,0.136,2
1047,1.002,1.01,154530,0.73,0.021,1
1048,1.009,1.158,588720,0.259,0.178,2
1049,1.055,1.067,80000,0.261,0.093,1
1050,1.028,1.125,114570,0.204,0.132,1
1051,1.03,0.893,437500,1,0.072,1
1052,1.016,0.886,85720,0.218,0.078,1
1053,1.03,1.098,631250,0.238,0.127,2
1054,1.002,1.17,321875,0.196,0.194,2
1055,1.016,1.078,87300,0.154,0.075,1
1056,1.016,1.005,1547700,0.255,0.046,2
1057,1.037,1.003,90300,0.306,0.034,2
1058,1,1.111,85500,0.335,0.02,2
1059,1.003,1.129,202240,0.299,0.067,2
1060,1.05,1.412,4800000,0.302,0.132,2
1061,1.015,1.116,211968,0.696,0.116,1
1062,1.014,1.155,355590,1,0.13,2
1063,1,0.95,49875,0.687,0.003,1
1064,1.008,0.98,215600,0.185,0.067,2
1065,1.117,1.45,20678,0.042,0,1
1066,1.043,1.016,127031,0.243,0.03,1
1067,1.018,0.917,51562,0.255,0.114,1
1068,1.015,1.25,93750,1,0.154,1
1069,1.085,1.053,104983,0.226,0.026,1
1070,1.005,1.064,28310,0.388,0.013,1
1071,1.002,1.005,40200,0.752,0.014,1
1072,1.017,1.091,72000,0.107,0.043,1
1073,1.129,1.267,41800,0.622,0.006,1
1074,1.002,1.01,53025,0.755,0.012,1
1075,1.153,1,85000,0.528,0.006,1
1076,1.05,1,3485,0.008,0.095,1
1077,1.021,0.99,14843,0.201,0.005,1
1078,1,1.3,26300,0.088,0.001,1
1079,1.129,1.188,66500,0.263,0.027,1
1080,1.038,1.217,146000,0.262,0.08,1
1081,1.003,1,125000,0.775,0.037,1
1082,1.02,1.083,32500,1.322,0.018,1
1083,1.036,1.132,84988,0.177,0.089,1
1084,1,1.136,37585,0.345,0.013,1
1085,1.004,1.006,402400,0.8,0.01,1
1086,1.016,1.111,60000,0.186,0.021,1
1087,1.015,1,105000,0.255,0.095,1
1088,1.005,0.926,5642,1,0.046,1
1089,1.001,1.002,200400,0.8,0.051,1
1090,1.002,1.009,353150,0.8,0.024,1
1091,1.072,1.113,100200,0.258,0.073,1
1092,1,1,100000,0.772,0.097,1
1093,1.003,1.009,181620,0.8,0.021,1
1094,1.004,1,300000,0.8,0.065,1
1095,1.025,0.95,71250,0.221,0.109,1
1096,1.015,1.176,190000,0.21,0.16,1
1097,1.257,1.464,10248,0.132,0.004,1
1098,1.04,1.386,259160,1,0.117,1
1099,1.002,1.005,251250,0.8,0.011,1
1100,1.035,0.933,70000,0.203,0.117,1
1101,1.003,1.312,131250,0.509,0.091,1
1102,1.03,0.964,224999,0.188,0.162,1
1103,1.027,1.014,87450,0.239,0.063,1
1104,1.07,1.304,180558,0.116,0.148,1
1105,1.095,0.95,7125,0.377,0.012,1
1106,1.048,1.091,63600,0.256,0.043,1
1107,1.019,1.27,82549,0.218,0.051,1
1108,1.094,1.109,34160,0.307,0.024,1
1109,1.053,1.017,61032,0.277,0.047,1
1110,1.076,1.027,87295,0.459,0.022,1
1111,1.423,1.05,12600,0.626,0.3,1
1112,1.017,1.022,59406,0.374,0.028,1
1113,1.001,1.01,484800,0.8,0.014,1
1114,1,1.043,39100,0.18,0.075,1
1115,1.029,1,77868,1,0.017,1
1116,1.001,1.005,271350,0.8,0.008,1
1117,1.031,1.014,79275,0.145,0.033,1
1118,1.011,0.943,825087,0.2,0.089,2
1119,1.065,1,300000,0.999,0.132,2
1120,1.018,1.053,2020599,0.259,0.086,2
1121,1.014,1.232,155250,1,0.146,2
1122,1.04,1.048,165000,1,0.043,2
1123,1.012,1.176,198000,0.289,0.069,2
1124,1.006,1.071,115995,0.201,0.07,2
1125,1.009,1.103,165375,0.091,0.145,2
1126,1.051,1.187,267000,0.117,0.164,2
1127,1.033,0.9,202500,1,0.116,2
1128,1.029,1.1,289850,0.215,0.122,2
1129,1.099,1.077,86800,0.314,0.038,2
1130,1.025,1.44,266910,0.096,0.25,2
1131,1.013,1.086,319200,0.359,0.041,2
1132,1.002,1.062,877625,0.218,0.072,2
1133,1.015,0.936,182500,0.231,0.087,2
1134,1.017,1.109,376890,0.542,0.162,2
1135,1.017,0.981,148750,0.267,0.137,2
1136,1.012,1.024,215250,0.196,0.025,2
1137,1.055,1.426,315250,1,0.18,2
1138,1.027,0.908,134887,0.266,0.087,2
1139,1,1.071,375000,0.301,0.081,2
1140,1.01,0.95,194750,0.563,0.059,2
1141,1.01,1.026,564466,0.32,0.101,2
1142,1.021,1.018,123321,1,0.052,2
1143,1.013,1.044,474203,0.214,0.096,2
1144,1.038,0.941,291764,0.215,0.085,2
1145,1.016,1.064,129630,0.681,0.047,2
1146,1.021,1.108,66500,1,0.047,2
1147,1.018,1.273,147000,0.123,0.192,2
1148,1.056,1.038,60750,0.181,0.026,2
1149,1.005,0.966,53244,0.8,0.018,3
1150,1.041,0.98,12740,0.234,0.019,3
1151,1.004,1.006,50300,0.763,0,1
1152,1.064,1,40150,0.45,0.095,1
1153,1.036,0.966,82068,0.697,0.088,2
1154,1.059,1.522,8130,0.079,0.012,1
1155,1.053,1.3,29640,0.247,0.031,1
1156,1.102,1.347,202083,1,0.101,1
1157,1.062,1.3,132600,0.227,0.157,2
1158,1.007,1.007,50350,0.758,0.008,1
1159,1.043,1.05,41580,0.411,0.024,1
1160,1.101,1.588,8943,0.144,0.016,1
1161,1.05,0.931,102850,1,0.151,1
1162,1,0.887,44375,0.806,0.136,1
1163,1.023,1.148,516600,1,0.028,2
1164,1.016,1.115,370330,0.19,0.129,2
1165,1.007,0.985,125625,0.545,0.123,2
1166,1.041,1.232,92460,0.191,0.065,1
1167,1.095,1.304,188136,1,0.114,2
1168,1.024,1.179,150375,0.235,0.116,1
1169,1.054,1.033,103338,0.216,0.064,1
1170,1.158,1.127,247241,1,0.137,1
1171,1,0.971,493000,0.214,0.1,2
1172,1.005,1.009,121080,0.779,0.014,1
1173,1.199,1.365,163630,0.27,0.09,1
1174,1.147,1.276,678125,1,0.148,2
1175,1.111,1.385,72000,0.332,0.028,1
1176,1.047,1.25,150000,0.205,0.073,1
1177,1.041,1.812,272600,0.122,0.177,1
1178,1.399,1.221,30566,0.125,0.057,1
1179,1,1,16005,0.244,0.006,1
1180,1.032,1.431,1288125,1,0.149,2
1181,1.279,1.232,10504,0.122,0.008,1
1182,1.03,1.375,264000,0.992,0.172,1
1183,1.062,1.103,176000,1,0.105,1
1184,1.093,1.067,25600,0.2,0.058,1
1185,1.002,1.001,180180,0.783,0.022,1
1186,1.012,1.307,454250,0.219,0.072,1
1187,1.029,1.193,138600,0.143,0.173,1
1188,1,1.007,302100,0.8,0.013,1
1189,1.017,1.062,106250,0.225,0.07,1
1190,1.008,0.936,716125,0.811,0.084,2
1191,1,1.031,511500,0.233,0.029,2
1192,1.038,1.459,16340,0.157,0.015,1
1193,1.033,0.857,63999,0.259,0.156,1
1194,1.03,0.667,83333,0.446,0.152,1
1195,1.133,1.5,75000,0.563,0.008,1
1196,1,1.014,304200,0.8,0.024,1
1197,1.042,1,33333,1,0.069,2
1198,1.026,1.061,530555,0.245,0.127,2
1199,1.009,1.139,995899,0.386,0.084,2
1200,1.028,1.036,155353,0.218,0.034,1
1201,1.014,1.077,67200,0.098,0.061,1
1202,1.019,1.013,101271,0.285,0.047,1
1203,1.052,1.02,103020,1,0.057,2
1204,1.001,1.113,120745,0.401,0.195,2
1205,1.098,1,585000,1,0.141,2
1206,1.045,1.053,84240,0.991,0.098,1
1207,1.043,1.147,125025,0.274,0.005,1
1208,1.1,0.76,226100,1,0.048,2
1209,1.667,1,39600,0.04,0.028,1
1210,1.046,0.896,81558,0.087,0.078,2
1211,1,1,11793,0.103,0,1
1212,1.092,1.3,52000,0.292,0.021,1
1213,1.022,1.031,185625,1,0.06,2
1214,1.036,1.159,152110,0.201,0.152,2
1215,1.096,1.127,135200,1,0.081,1
1216,1.002,1.001,60060,0.762,0.034,1
1217,1.009,1.029,185250,0.283,0.033,1
1218,1.048,1.018,91200,0.363,0.037,1
1219,1.007,1.242,298000,0.234,0.14,2
1220,1.14,0.86,10320,0.267,0.014,3
1221,1,1.31,9170,0.106,0.008,1
1222,1.011,1.038,81000,0.075,0.121,1
1223,1.04,1.599,105760,0.53,0.001,1
1224,1.018,2.133,141131,0.53,0.002,1
1225,1.103,1.16,63800,0.65,0.004,1
1226,1.247,1.062,31875,1,0.019,1
1227,1.01,0.987,474000,0.308,0.063,1
1228,1.013,1.093,142762,0.224,0.063,1
1229,1.261,1.311,141600,1,0.01,1
1230,1.063,0.958,143750,0.232,0.031,1
1231,1.037,1.083,69472,0.202,0.066,1
1232,1.14,1.66,23240,0.125,0.004,1
1233,1.025,0.904,1328250,0.14,0.062,2
1234,1.002,1.057,98666,0.15,0.06,2
1235,1.014,1.247,269899,0.185,0.182,2
1236,1.009,1.094,792750,0.328,0.084,2
1237,1.021,1.043,168000,0.302,0.166,2
1238,1.101,1.241,105513,0.208,0.045,1
1239,1.109,1.647,210823,0.257,0.067,1
1240,1.074,1,27300,0.275,0.051,1
1241,1.102,1.206,143500,0.319,0.048,1
1242,1.09,1.594,199218,0.234,0.085,1
1243,1.03,1.062,174250,0.305,0.1,2
1244,1.016,1.003,733425,0.136,0.083,2
1245,1.037,1.312,2971872,0.982,0.149,2
1246,1.006,1.054,1275340,0.168,0.075,2
1247,1.075,1.278,95812,0.348,0.063,1
1248,1.039,0.931,65340,0.277,0.182,1
1249,1.031,0.958,57500,0.212,0.001,1
1250,1,0.919,13913,0.656,0.025,1
1251,1.081,1.11,21090,0.308,0.029,1
1252,1,1,20000,0.478,0.005,1
1253,1.027,0.925,140634,1,0,1
1254,1.058,1,485714,0.179,0.068,2
1255,1.011,1.056,370500,0.183,0.106,2
1256,1,1.091,120000,1,0.096,2
1257,1,0.945,707548,1,0.094,2
1258,1.027,0.9,83333,0.28,0.035,2
1259,1.04,1.067,466440,1,0,2
1260,1.079,1.316,15795,1,0.013,1
1261,1.056,1,17500,0.225,0.057,1
1262,1.1,1.1,7392,0.144,0.003,1
1263,1.083,1.002,60109,0.349,0.08,1
1264,1.08,1.377,16530,0.118,0.006,1
1265,1.015,1.077,84822,0.231,0.044,1
1266,1.019,1.719,330000,0.102,0.209,1
1267,1.07,1.333,160000,0.188,0.098,2
1268,1.077,1.3,8060,0.107,0.014,1
1269,1.086,1.381,1044000,0.685,0.216,1
1270,1.021,1.068,23500,0.132,0.045,1
1271,1.075,1.139,170300,0.286,0.074,2
1272,1.082,0.852,411600,1,0.078,1
1273,1.061,1.438,207000,0.249,0.056,1
1274,1.119,0.938,6003,0.098,0.024,1
1275,1.018,1.011,2275000,1,0.114,1
1276,1.021,0.979,67797,0.195,0.045,1
1277,1.021,1.029,146880,1,0.029,2
1278,1.05,1.429,220000,1,0.187,2
1279,1.002,1,180000,0.8,0.03,1
1280,1.004,1,185000,0.8,0.037,1
1281,1.009,1.124,401962,0.189,0.126,2
1282,1.01,1.04,199888,0.17,0.055,1
1283,1.034,1.333,151748,0.167,0,2
1284,1.26,1,106772,0.5,0.055,3
1285,1.007,0.982,294600,0.8,0.043,1
1286,1.005,0.995,38805,0.754,0.035,1
1287,1.001,1.001,480480,0.8,0.018,1
1288,1.005,1,36000,0.746,0.079,1
1289,1.002,1,150000,0.771,0.03,1
1290,1,0.979,20160,0.354,0.006,1
1291,1.011,1.001,55055,0.764,0.066,1
1292,1,0.836,6125,0.374,0,1
1293,1,1.008,221760,0.794,0.019,1
1294,1.064,1.002,26040,0.253,0.049,1
1295,1,1,115560,0.282,0.053,1
1296,1,1,40000,0.29,0.026,1
1297,1.1,1.156,188977,0.14,0.07,2
1298,1.01,1.059,810000,0.216,0.078,2
1299,1.003,1.012,40480,0.769,0.038,1
1300,1.1,0.8,5856,0.224,0.016,1
1301,1.04,1.25,158500,0.574,0.106,2
1302,1.089,1.195,137664,1,0.088,1
1303,1,1,12000,0.163,0.009,1
1304,1.027,1.435,359700,0.12,0.174,1
1305,1.036,1.395,2268400,1,0.094,1
1306,1,1.088,582162,0.402,0.077,1
1307,1.043,1.059,81540,1,0.039,1
1308,1.08,1.132,56590,0.301,0.048,1
1309,1.018,0.946,172826,0.16,0.049,1
1310,1.111,1.136,50000,1,0.019,2
1311,1.055,1.003,67725,0.184,0.079,1
1312,1.037,1.247,336600,1,0.106,2
1313,1.006,1.011,40440,0.759,0.034,1
1314,1,2,131000,0.434,0.004,1
1315,1.014,1.067,107200,0.217,0.106,1
1316,1.039,1.356,207450,0.12,0.072,1
1317,1.01,1.092,40981,0.262,0.037,1
1318,1.038,1.444,96597,0.201,0.082,1
1319,1.064,0.765,45920,0.156,0.078,1
1320,1.032,1.511,194026,0.176,0.103,1
1321,1.046,1.121,46312,0.25,0.046,1
1322,1.111,1.132,115500,0.261,0.127,1
1323,1.082,1.327,319836,0.136,0.052,1
1324,1.001,1.006,130780,0.782,0.035,1
1325,1.083,1.25,796875,0.297,0.116,2
1326,1.027,0.912,10220,0.123,0.019,1
1327,1.004,1.005,50250,0.789,0.045,1
1328,1.029,0.938,105595,0.235,0.103,1
1329,1.039,1.471,137500,0.328,0.065,1
1330,1.074,0.885,107525,0.209,0.067,1
1331,1.072,1.316,292500,0.291,0.057,1
1332,1.009,1.156,260000,1,0.091,1
1333,1.014,1,100000,0.222,0.08,1
1334,1.05,1.562,87500,0.271,0.056,1
1335,1.171,1.11,13986,0.241,0.031,1
1336,1.1,1.2,93600,0.183,0.03,1
1337,1.071,1.647,247058,0.227,0.052,1
1338,1.117,1.087,111359,0.197,0.085,1
1339,1.053,1.385,119700,0.822,0.077,1
1340,1.024,1.333,100000,0.273,0.035,1
1341,1.006,0.964,438425,0.793,0.054,2
1342,1.054,1.033,103333,0.194,0.088,1
1343,1.08,1.539,153502,0.227,0.096,1
1344,1.103,1.05,89775,0.289,0.022,1
1345,1.003,1.002,180360,0.771,0.036,1
1346,1,1.002,135270,0.8,0.049,1
1347,1.032,1.176,125000,0.175,0.062,1
1348,1,1.005,226125,0.8,0.014,1
1349,1.121,1.333,100000,0.2,0.044,1
1350,1.081,1,122400,1,0.047,2
1351,1.084,1.458,262500,0.115,0.155,2
1352,1.004,0.979,86397,0.246,0.061,2
1353,1.015,1.019,294312,0.561,0.056,2
1354,1.026,1.007,75500,0.184,0.065,1
1355,1.128,1,7500,0.148,0.031,1
1356,1.003,1.001,175175,0.76,0.01,1
1357,1.002,0.977,78105,0.441,0.022,1
1358,1.008,1.358,207281,0.575,0.045,1
1359,1.018,1.018,76380,0.219,0.028,1
1360,1.038,0.963,841700,0.733,0.122,1
1361,1.101,1.097,11520,0.15,0.035,1
1362,1.006,1.253,280700,0.925,0.174,1
1363,1.013,1.333,414000,0.346,0.144,1
1364,1.001,1,200000,0.775,0.081,1
1365,1.001,1,300000,0.8,0.072,1
1366,1.101,1.292,232500,1,0.15,2
1367,1.007,0.988,2710687,0.245,0.036,2
1368,1.025,1,85000,0.167,0.069,1
1369,1.019,1.066,131811,0.165,0.059,1
1370,1.018,1.083,146250,1,0.048,1
1371,1.018,1.048,44000,0.211,0.076,1
1372,1.049,0.875,36900,0.187,0.034,1
1373,1.009,1.036,65007,0.275,0.007,1
1374,1.046,1.3,197600,0.122,0.161,1
1375,1,1.531,165307,0.333,0.113,2
1376,1.078,1.118,95000,0.119,0.03,1
1377,1.056,1.102,7202,0.261,0.001,1
1378,1.043,0.941,100000,0.514,0.131,2
1379,1.012,1.31,824600,0.143,0.153,1
1380,1.002,1.2,102360,0.696,0.061,1
1381,1.005,1.227,214064,1,0.168,2
1382,1.033,1.438,138000,0.178,0.112,1
1383,1.037,1.314,606900,0.158,0.162,2
1384,1.062,1.036,34800,0.159,0.019,1
1385,1.003,1.117,619750,0.495,0.123,2
1386,1,0.983,106200,0.261,0.102,1
1387,1.031,0.983,516250,0.116,0.073,2
1388,1.083,1.1,7183,0.061,0.002,1
1389,1,1.001,150150,0.8,0.036,1
1390,1.002,1.003,100300,0.775,0.066,1
1391,1.004,1,250000,0.8,0.061,1
1392,1,1,200000,0.8,0,1
1393,1.004,1.001,50050,0.772,0.035,1
1394,1.002,1,125000,0.8,0.072,1
1395,1.001,1.003,250749,0.8,0.02,1
1396,1.001,1,200000,0.8,0.064,1
